"leaf","temp","Vcmax.mean","Jmax.mean","Rd.mean","Vcmax.se","Jmax.se","Rd.se"
"shade","ambient",73.260679511713,102.139573488274,1.33759482039075,6.36373131426905,6.85503289406218,0.286381188729732
"shade","elevated",77.5982250169712,106.242461660087,0.910729896601172,4.85263486604415,6.47676390585803,0.163087177516305
"sun","ambient",93.4750947296422,137.802404612777,0.887178774965733,6.231823817732,7.38386477081641,0.165128528118866
"sun","elevated",88.2956474996396,140.365141123076,-0.00946918861529571,9.13686166643401,12.7072113736928,1.47736304302647
