leaf,temp,Vcmax.mean,Jmax.mean,Vcmax.se,Jmax.se
shade,ambient,73.26067951,102.1395735,6.363731314,6.855032894
shade,elevated,77.59822502,106.2424617,4.852634866,6.476763906
sun,ambient,93.47509473,137.8024046,6.231823818,7.383864771
sun,elevated,88.2956475,140.3651411,9.136861666,12.70721137
